id;first_name;last_name
1;Todd;Najera
2;Gonzales;McIlvenna
3;Marlowe;Boosey
4;Carole;Keitch
5;Maggee;Harower
6;Guendolen;Milborn
7;Sayer;Ferroni
8;Ludovika;Yakubov
9;Reynard;Bourne
10;Mariette;Keers
11;Thornie;Stadding
12;Gillan;Dumbrell
13;Shayne;Gainor
14;Ulric;Tatton
15;Derril;Braundt
16;Kathrine;Wisdom
17;Lorita;Nowland
18;Mab;Lintall
19;Shayne;Brisard
20;Ferrel;Killingbeck
21;Haily;Rayment
22;Aldous;Stockley
23;Alice;Poulsom
24;Trudie;Benedyktowicz
25;Kerry;Zukerman
26;Bea;Di Angelo
27;Sergio;Josham
28;Gavan;Stellin
29;Dynah;Duggon
30;Leonie;Poupard
31;Estrella;Anan
32;Armand;Snashall
33;Corty;Whitters
34;Angelia;Corkitt
;Robbert;Tripp
36;Monro;Circuitt
37;Delcina;Winslade
38;Bay;Shefton
39;Raymund;Farnall
40;Dagmar;Kimmings
41;Clerissa;Hagger
42;Hurlee;Labden
43;Moria;Peet
44;Franny;Puleston
45;Holly;McTurk
46;Cairistiona;Ketch
47;Waylin;Bosse
48;Arlene;Hartup
49;Jaquenette;Beckley
50;Marion;Duerdin
